,RMSE,MAE,R2
Persistence,2.1653426784085683,1.7657140367272708,0.9207854046804976
Linear Regression,0.5678866495694991,0.4555931419186525,0.9945515213403179
Random Forest,0.0887202724399013,0.050448445368499344,0.9998670165273196
MLP,0.07788330708130353,0.05741184416633165,0.9998975196252782
