{
  "sigma": 10,
  "rho": 28,
  "beta": 2.6666666666666665,
  "initial_state": [
    1.0,
    1.0,
    1.0
  ],
  "t_start": 0,
  "t_end": 50,
  "n_points": 10000,
  "prediction_horizon": 10,
  "delta_t": 0.005000500050005001,
  "effective_prediction_time": 0.05000500050005001,
  "dataset_rows": 9990,
  "train_rows": 7992,
  "test_rows": 1998,
  "missing_values": {
    "x_t": 0,
    "y_t": 0,
    "z_t": 0,
    "x_next": 0
  },
  "metrics": {
    "Persistence": {
      "RMSE": 2.1653426784085683,
      "MAE": 1.7657140367272708,
      "R2": 0.9207854046804976
    },
    "Linear Regression": {
      "RMSE": 0.5678866495694991,
      "MAE": 0.4555931419186525,
      "R2": 0.9945515213403179
    },
    "Random Forest": {
      "RMSE": 0.0887202724399013,
      "MAE": 0.050448445368499344,
      "R2": 0.9998670165273196
    },
    "MLP": {
      "RMSE": 0.07788330708130353,
      "MAE": 0.05741184416633165,
      "R2": 0.9998975196252782
    }
  }
}